Day,Time,Status,Booked By
2026-02-01,00:00 - 02:00,Available,
2026-02-02,02:00 - 04:00,Available,
2026-02-03,04:00 - 06:00,Available,
2026-02-04,06:00 - 08:00,Available,
2026-02-05,08:00 - 10:00,Available,
2026-02-06,10:00 - 12:00,Available,
2026-02-07,12:00 - 14:00,Available,
2026-02-08,14:00 - 16:00,Available,
2026-02-09,16:00 - 18:00,Available,
2026-02-10,18:00 - 20:00,Available,
2026-02-11,20:00 - 22:00,Available,
2026-02-12,22:00 - 00:00,Available,
2026-02-13,00:00 - 02:00,Available,
2026-02-14,02:00 - 04:00,Available,
2026-02-15,04:00 - 06:00,Available,
2026-02-16,06:00 - 08:00,Available,
2026-02-17,08:00 - 10:00,Available,
2026-02-18,10:00 - 12:00,Available,
2026-02-19,12:00 - 14:00,Available,
2026-02-20,14:00 - 16:00,Available,
2026-02-21,16:00 - 18:00,Available,
2026-02-22,18:00 - 20:00,Available,
2026-02-23,20:00 - 22:00,Available,
2026-02-24,22:00 - 00:00,Available,
2026-02-25,00:00 - 02:00,Available,
2026-02-26,02:00 - 04:00,Available,
2026-02-27,04:00 - 06:00,Available,
2026-02-28,06:00 - 08:00,Available,
2026-03-01,08:00 - 10:00,Available,
2026-03-02,10:00 - 12:00,Available,
2026-03-03,12:00 - 14:00,Available,
2026-03-04,14:00 - 16:00,Available,
2026-03-05,16:00 - 18:00,Available,
2026-03-06,18:00 - 20:00,Available,
2026-03-07,20:00 - 22:00,Available,
2026-03-08,22:00 - 00:00,Available,
2026-03-09,00:00 - 02:00,Available,
2026-03-10,02:00 - 04:00,Available,
2026-03-11,04:00 - 06:00,Available,
2026-03-12,06:00 - 08:00,Available,
2026-03-13,08:00 - 10:00,Available,
2026-03-14,10:00 - 12:00,Available,
2026-03-15,12:00 - 14:00,Available,
2026-03-16,14:00 - 16:00,Available,
2026-03-17,16:00 - 18:00,Available,
2026-03-18,18:00 - 20:00,Available,
2026-03-19,20:00 - 22:00,Available,
2026-03-20,22:00 - 00:00,Available,
2026-03-21,00:00 - 02:00,Available,
2026-03-22,02:00 - 04:00,Available,
2026-03-23,04:00 - 06:00,Available,
2026-03-24,06:00 - 08:00,Available,
2026-03-25,08:00 - 10:00,Available,
2026-03-26,10:00 - 12:00,Available,
2026-03-27,12:00 - 14:00,Available,
2026-03-28,14:00 - 16:00,Available,
2026-03-29,16:00 - 18:00,Available,
2026-03-30,18:00 - 20:00,Available,
2026-03-31,20:00 - 22:00,Available,
2026-04-01,22:00 - 00:00,Available,
2026-04-02,00:00 - 02:00,Available,
2026-04-03,02:00 - 04:00,Available,
2026-04-04,04:00 - 06:00,Available,